id,name,category,platform,price,currency,rating,image,seller,url
1,OPPO Enco Buds3 - Slate Black,earbuds,iShopChangi,44.95,SGD,,,R-Tech | OPPO | TORRAS,https://www.ishopchangi.com/en/product/oppo-enco-buds3-mp00712686
2,OPPO Enco Buds3 Pro True Wireless Earbuds -,earbuds,harvey_norman,69,SGD,,https://hnsgsfp.imgix.net/4/images/detailed/159/OPPO_Enco_Buds3_Pro_True_Wireless_Earbuds_-_Graphite_Grey_(60821)_01.JPG,harvey_norman,https://www.harveynorman.com.sg/tv-and-audio/headphones-en/wireless-headphones-en/oppo-enco-buds3-pro-true-wireless-earbuds-graphite-grey-60821.html
3,OPPO Enco Buds3 Pro True Wireless Earbuds - Glaze,earbuds,harvey_norman,69,SGD,,https://hnsgsfp.imgix.net/4/images/detailed/159/OPPO_Enco_Buds3_Pro_True_Wireless_Earbuds_-_Glaze_White_(60784)_01.JPG,harvey_norman,https://www.harveynorman.com.sg/tv-and-audio/headphones-en/wireless-headphones-en/oppo-enco-buds3-pro-true-wireless-earbuds-glaze-white-60784.html
4,JBL Wave Beam Wireless Earbuds - Black,earbuds,harvey_norman,59,SGD,,https://hnsgsfp.imgix.net/4/images/detailed/97/Harvey-Norman-Image.pptx_-_2022-11-16T103357.255.jpg,harvey_norman,https://www.harveynorman.com.sg/tv-and-audio/headphones-en/wireless-headphones-en/jbl-wave-beam-wireless-earbuds-black.html
5,Marshall MINOR IV,earbuds,harvey_norman,199,SGD,,https://hnsgsfp.imgix.net/4/images/detailed/165/Marshall_MINOR_IV_True_Wireless_Earbuds_-_Cream.jpg,harvey_norman,https://www.harveynorman.com.sg/tv-and-audio/headphones-en/wireless-headphones-en/marshall-minor-iv-true-wireless-earbuds-cream.html
6,Sennheiser 700263 ACCENTUM True Wireless Earbuds -,earbuds,harvey_norman,169,SGD,,https://hnsgsfp.imgix.net/4/images/detailed/136/Slide1_2f0a-7o.JPG,harvey_norman,https://www.harveynorman.com.sg/tv-and-audio/headphones-en/wireless-headphones-en/sennheiser-700263-accentum-true-wireless-earbuds-white.html
7,JBL Live Buds 3 Wireless Earbuds - Silver,earbuds,harvey_norman,199.9,SGD,,https://hnsgsfp.imgix.net/4/images/detailed/146/JBL_Live_Buds_3_Wireless_Earbuds_-_Silver_01.JPG,harvey_norman,https://www.harveynorman.com.sg/tv-and-audio/headphones-en/wireless-headphones-en/jbl-live-buds-3-wireless-earbuds-silver.html
8,JBL Live Buds 3 Wireless Earbuds - Purple,earbuds,harvey_norman,199.9,SGD,,https://hnsgsfp.imgix.net/4/images/detailed/146/JBL_Live_Buds_3_Wireless_Earbuds_-_Purple_01.JPG,harvey_norman,https://www.harveynorman.com.sg/tv-and-audio/headphones-en/wireless-headphones-en/jbl-live-buds-3-wireless-earbuds-purple.html
9,JBL Live Buds 3 Wireless Earbuds - Blue,earbuds,harvey_norman,199.9,SGD,,https://hnsgsfp.imgix.net/4/images/detailed/146/JBL_Live_Buds_3_Wireless_Earbuds_-_Blue_01.JPG,harvey_norman,https://www.harveynorman.com.sg/tv-and-audio/headphones-en/wireless-headphones-en/jbl-live-buds-3-wireless-earbuds-blue.html
10,JBL Live Buds 3 Wireless Earbuds - Black,earbuds,harvey_norman,199.9,SGD,,https://hnsgsfp.imgix.net/4/images/detailed/146/JBL_Live_Buds_3_Wireless_Earbuds_-_Black_01.JPG,harvey_norman,https://www.harveynorman.com.sg/tv-and-audio/headphones-en/wireless-headphones-en/jbl-live-buds-3-wireless-earbuds-black.html
11,Sennheiser 700264 ACCENTUM True Wireless Earbuds -,earbuds,harvey_norman,169,SGD,,https://hnsgsfp.imgix.net/4/images/detailed/141/Slide1_1m3f-9d.JPG,harvey_norman,https://www.harveynorman.com.sg/tv-and-audio/headphones-en/wireless-headphones-en/sennheiser-700264-accentum-true-wireless-earbuds-blue.html
12,Sennheiser 700262 ACCENTUM True Wireless Earbuds -,earbuds,harvey_norman,169,SGD,,https://hnsgsfp.imgix.net/4/images/detailed/136/Slide1_j5na-1w.JPG,harvey_norman,https://www.harveynorman.com.sg/tv-and-audio/headphones-en/wireless-headphones-en/sennheiser-700262-accentum-true-wireless-earbuds-black.html
13,Bowers & Wilkins Pi8 In-Ear True Wireless Earbuds,earbuds,harvey_norman,699,SGD,,https://hnsgsfp.imgix.net/4/images/detailed/147/Bowers_&amp;_Wilkins_Pi8_In-Ear_True_Wireless_Earbuds_-_Midnight_Blue.jpg,harvey_norman,https://www.harveynorman.com.sg/tv-and-audio/headphones-en/wireless-headphones-en/bowers-and-wilkins-pi8-in-ear-true-wireless-earbuds-midnight-blue.html
14,Asus ROG Centra Speednova True Wireless Earbuds -,earbuds,harvey_norman,269,SGD,,https://hnsgsfp.imgix.net/4/images/detailed/150/Asus_ROG_Centra_Speednova_True_Wireless_Earbuds_-_White_(R55ES)_01.JPG,harvey_norman,https://www.harveynorman.com.sg/tv-and-audio/headphones-en/wireless-headphones-en/asus-rog-centra-speednova-true-wireless-earbuds-white-r55es.html
15,Bowers & Wilkins Pi8 In-Ear True Wireless Earbuds,earbuds,harvey_norman,699,SGD,,https://hnsgsfp.imgix.net/4/images/detailed/147/Bowers_&amp;_Wilkins_Pi8_In-Ear_True_Wireless_Earbuds_-_Dove_White.jpg,harvey_norman,https://www.harveynorman.com.sg/tv-and-audio/headphones-en/wireless-headphones-en/bowers-and-wilkins-pi8-in-ear-true-wireless-earbuds-dove-white.html
16,Smartphone 200 + FibreWire 600,phones,onecomm.bm,355,USD,,,onecomm.bm,https://onecomm.bm/product/smartphone-200-fibrewire-600/
17,Kleinn Smartphone Upgrade Kit,phones,4runnerlifestyle.myshopify.com,179.95,USD,,https://cdn.shopify.com/s/files/1/0395/4370/1671/files/mobile2w-kleinn-kl-mobile2w-645670.jpg?v=1776097311,4runnerlifestyle.myshopify.com,https://4runnerlifestyle.myshopify.com/products/mobile2w-smartphone-upgrade-kit-app-control-of-kleinn-remote-starter
18,9.Solutions Smartphone Video Rig,phones,3leggedthing.myshopify.com,75.05,USD,,https://cdn.shopify.com/s/files/1/0949/7840/8712/files/ps_dsc0005b.png?v=1753288881,3leggedthing.myshopify.com,https://3leggedthing.myshopify.com/products/9-solutions-smartphone-video-rig
19,iStorage datAshur BT,phones,backtotheoffice.myshopify.com,91.99,USD,,https://cdn.shopify.com/s/files/1/0607/0190/0965/files/62c72955d769b591c30cece70b45e3f4_a51b27c8-c828-46e0-a61f-d80de607ada5.jpg?v=1778994638,backtotheoffice.myshopify.com,https://backtotheoffice.myshopify.com/products/istorage-datashur-bt-128-gb-encrypted-secure-flash-drive-unlock-via-smartphone-using-bluetooth-fips-140-2-level-3-certified-remote-management-ready-1
20,Crosscall X-DOCKe Smartphone Black USB Wireless,phones,backtotheoffice.myshopify.com,32.99,USD,,https://cdn.shopify.com/s/files/1/0607/0190/0965/files/fc18296e24fe24309005935c358846c2.jpg?v=1778665149,backtotheoffice.myshopify.com,https://backtotheoffice.myshopify.com/products/crosscall-x-docke-smartphone-black-usb-wireless-charging-fast-charging-indoor
21,Film de Protection NEO Pour Smartphone INFINIX,phones,mytek.tn,12,USD,,https://mytek.tn/pub/media/catalog/product/1/_/1_24_1_2.jpg,mytek.tn,https://mytek.tn/film-de-protection-neo-pour-smartphone-infinix-zero-8.html
22,Film De Protection NEO Pour Smartphone Oppo A53,phones,mytek.tn,12,USD,,https://mytek.tn/pub/media/catalog/product/1/_/1_269_1.jpg,mytek.tn,https://mytek.tn/film-de-protection-neo-pour-smartphone-oppo-a53.html
23,Coque Silicone Pour Smartphone HUAWEI Y520,phones,mytek.tn,5.9,USD,,https://mytek.tn/pub/media/catalog/product/h/o/hocoblancmusb_1_1_1.jpg,mytek.tn,https://mytek.tn/coque-silicone-pour-smartphone-huawei-y520.html
24,"Device Holder, Mobile Smartphone",phones,minelab.com,10,USD,,https://minelab.com/pub/media/catalog/product/s/m/smartphone-holder.png,minelab.com,https://minelab.com/device-holder-mobile-smartphone.html
25,Supporto Smartphone Ulac Spyder,phones,francesconibike.myshopify.com,52,USD,,https://cdn.shopify.com/s/files/1/0662/0400/8694/files/afffe573-4393-4ca8-a20a-b77b5c4ce34c_d3f994e3-153c-4d5b-9da2-c639fba17b46.png?v=1778233087,francesconibike.myshopify.com,https://francesconibike.myshopify.com/products/supporto-smartphone-ulac-spyder-360-nero
26,Supporto Smartphone Ulac Spyder Team Pro per,phones,francesconibike.myshopify.com,50,USD,,https://cdn.shopify.com/s/files/1/0662/0400/8694/files/b85a759a-ce0c-4bfb-943a-8ba53ed6d255_69633719-e0d9-4b2d-b9ee-28da35d33f10.png?v=1760456474,francesconibike.myshopify.com,https://francesconibike.myshopify.com/products/supporto-smartphone-ulac-spyder-team-pro-per-attacco-manubrio-in-silicone-nero
27,Supporto Smartphone Ulac Spyder Z Pro per Manubrio,phones,francesconibike.myshopify.com,50,USD,,https://cdn.shopify.com/s/files/1/0662/0400/8694/files/2e9fdf7d-e0f4-473a-9df5-b61dc78792e9.png?v=1760456079,francesconibike.myshopify.com,https://francesconibike.myshopify.com/products/supporto-smartphone-ulac-spyder-z-pro-per-manubrio-in-silicone-nero
28,"Samsung Galaxy S24+ SM-S926U 6.7"" Smartphone",phones,joesge.myshopify.com,480,USD,,https://cdn.shopify.com/s/files/1/0690/7201/files/SamsungGalaxyS24_SM-S926U6.7_Smartphone_Refurbished_OnyxBlack.png?v=1761330126,joesge.myshopify.com,https://joesge.myshopify.com/products/samsung-galaxy-s24-sm-s926u-6-7-smartphone-refurbished
29,Smartphone 155 + FibreWire 300,phones,onecomm.bm,305,USD,,,onecomm.bm,https://onecomm.bm/product/smartphone-150-fibrewire-300/
30,Smartphone 125 + FibreWire 150,phones,onecomm.bm,255,USD,,,onecomm.bm,https://onecomm.bm/product/smartphone-125-fibrewire-150/
31,HP DK4Q5AT laptop Intel Core Ultra 7 33.8 cm,laptops,backtotheoffice.myshopify.com,1862.99,USD,,https://cdn.shopify.com/s/files/1/0607/0190/0965/files/8c8a03b5733bc04becada3696603e3cd_2bc4ef4c-7394-4416-9948-940528f0040d.jpg?v=1779258292,backtotheoffice.myshopify.com,https://backtotheoffice.myshopify.com/products/hp-dk4q5at-laptop-intel-core-ultra-7-338-cm-133-wuxga-16-gb-lpddr5x-sdram-512-gb-ssd-wi-fi-7-80211be-windows-11-pro-silver
32,Samsung Galaxy Book 2 360 13.3-Inch Laptop Spare,laptops,joesge.myshopify.com,35,USD,,https://cdn.shopify.com/s/files/1/0690/7201/files/PhotoRoom_001_20231110_171829.jpg?v=1699667335,joesge.myshopify.com,https://joesge.myshopify.com/products/samsung-galaxy-book-2-360-13-3-inch-laptop-spare-replacement-repair-parts
33,"Microsoft Surface Laptop Go 12.4"" 1943 Repair",laptops,joesge.myshopify.com,245,USD,,https://cdn.shopify.com/s/files/1/0690/7201/files/Myproject-1_27.png?v=1683582283,joesge.myshopify.com,https://joesge.myshopify.com/products/microsoft-surface-laptop-go-12-4-1943-repair-replacement-spare-parts
34,"Lenovo Laptop ThinkPad T480 T470S 14"" LCD Screen",laptops,joesge.myshopify.com,100,USD,,https://cdn.shopify.com/s/files/1/0690/7201/products/PhotoRoom_001_20220720_083351_1.png?v=1658337301,joesge.myshopify.com,https://joesge.myshopify.com/products/lenovo-laptop-thinkpad-t480-t470s-14-lcd-screen-panel-parts
35,"Microsoft Surface Book 2 13.5"" Touch-Screen 2-in-1",laptops,joesge.myshopify.com,950,USD,,https://cdn.shopify.com/s/files/1/0690/7201/products/1_ab56f53a-bacd-4d00-a648-78328c3f8d82.png?v=1655353327,joesge.myshopify.com,https://joesge.myshopify.com/products/microsoft-surface-book-2-13-5-touch-screen-2-in-1-laptop-intel-i5-8gb-ram-256gb-ssd-platinum
36,Microsoft Surface Laptop 1 2 1769 5970mAh Battery,laptops,joesge.myshopify.com,69.99,USD,,https://cdn.shopify.com/s/files/1/0690/7201/products/DSC09392.png?v=1653336910,joesge.myshopify.com,https://joesge.myshopify.com/products/microsoft-surface-laptop-1-2-1769-5970mah-battery-replacement-parts
37,Microsoft Surface Laptop 1 2 LCD Display Touch,laptops,joesge.myshopify.com,99.99,USD,,https://cdn.shopify.com/s/files/1/0690/7201/products/Laptop-1-screen.png?v=1645667270,joesge.myshopify.com,https://joesge.myshopify.com/products/microsoft-surface-laptop-1-2-lcd-display-touch-screen-digitizer-replacement-parts
38,"Microsoft Surface Laptop 2 13.5"" Touch-Screen",laptops,joesge.myshopify.com,799.99,USD,,https://cdn.shopify.com/s/files/1/0690/7201/products/1_2f7a5848-e101-4e4d-92e2-447a235308ab.png?v=1630437501,joesge.myshopify.com,https://joesge.myshopify.com/products/microsoft-surface-laptop-2-13-5-touch-screen-intel-i7-8gb-ram-256gb-ssd-cobalt-blue-refurbished
39,Microsoft Surface Laptop 1st Generation 13.5”,laptops,joesge.myshopify.com,1599.99,USD,,https://cdn.shopify.com/s/files/1/0690/7201/products/2_1287011a-0f40-4042-94f7-e55468893b52.png?v=1630437071,joesge.myshopify.com,https://joesge.myshopify.com/products/microsoft-surface-laptop-1st-generation-13-5-intel-core-i7-16gb-ram-512-ssd-cobalt-refurbished
40,"Microsoft Surface Laptop 3 13.5"" Touch-Screen",laptops,joesge.myshopify.com,799.99,USD,,https://cdn.shopify.com/s/files/1/0690/7201/products/1_49d31633-c1a0-43d1-a055-6f58d438ead8.png?v=1628802607,joesge.myshopify.com,https://joesge.myshopify.com/products/microsoft-surface-laptop-3-13-5-touch-screen-intel-core-i5-8gb-memory-128gb-solid-state-drive-platinum
41,"Microsoft Surface Laptop 2 13.5"" Touch-Screen",laptops,joesge.myshopify.com,629.99,USD,,https://cdn.shopify.com/s/files/1/0690/7201/products/12_66a64615-e3b4-48c9-9506-df3001f8d181.png?v=1628614571,joesge.myshopify.com,https://joesge.myshopify.com/products/microsoft-surface-laptop-2-13-5-touch-screen-intel-core-i5-8gb-ram-128gb-or-256gb-ssd-refurbished
42,"Dollhouse-12""Laptop",laptops,kidkraft.com,10,USD,,,kidkraft.com,https://kidkraft.com/products/p-u-1300-dvgy
43,9.Solutions Laptop Holder,laptops,3leggedthing.myshopify.com,195.15,USD,,https://cdn.shopify.com/s/files/1/0949/7840/8712/files/5118-1.jpg?v=1753288891,3leggedthing.myshopify.com,https://3leggedthing.myshopify.com/products/9-solutions-laptop-holder
44,Toy-Laptop Desk Kit,laptops,kidkraft.com,10,USD,,,kidkraft.com,https://kidkraft.com/products/p-u-7880-nt
45,HP 15.6-inch Intel Core U5-225U/16GB/512GB SSD AI Laptop - Natural Silver (15-FD2141TU),laptops,Harvey Norman Singapore,1299,SGD,,,Harvey Norman Singapore,https://www.harveynorman.com.sg/computing/computers-en/laptops-en/hp-15.6-inch-intel-core-u5-225u-16gb-512gb-ssd-intel-graphics-ai-laptop-natural-silver-15-fd2141tu.html
46,Kiprun Kipride Max Women's Running Shoes,shoes,decathlon.com,160,USD,,https://cdn.shopify.com/s/files/1/1330/6287/files/8960644-001.jpg?v=1774560257,decathlon.com,https://decathlon.com/products/kiprun-kipride-max-womens-running-shoes-362221
47,Kiprun Kipstorm Lab Unisex Carbon Plate Running,shoes,decathlon.com,350,USD,,https://cdn.shopify.com/s/files/1/1330/6287/files/8953316-default_5906aca4-4777-4ab2-97fb-0912600f32dd.jpg?v=1774444411,decathlon.com,https://decathlon.com/products/kiprun-kipstorm-lab-mens-carbon-plate-running-shoes-369831
48,Kiprun Kipride Women's Running Shoes,shoes,decathlon.com,140,USD,,https://cdn.shopify.com/s/files/1/1330/6287/files/8997829-001.jpg?v=1774561099,decathlon.com,https://decathlon.com/products/kiprun-kipride-womens-running-shoes-copy
49,Kiprun Kipride Men's Running Shoes,shoes,decathlon.com,140,USD,,https://cdn.shopify.com/s/files/1/1330/6287/files/8997616-001.jpg?v=1774561502,decathlon.com,https://decathlon.com/products/kiprun-kipride-mens-running-shoes-380020
50,Kiprun Kipride Women's Running Shoes,shoes,decathlon.com,140,USD,,https://cdn.shopify.com/s/files/1/1330/6287/files/8997828-001.jpg?v=1774561143,decathlon.com,https://decathlon.com/products/kiprun-kipride-womens-running-shoes-379947
51,Kiprun Kipstorm Tempo Men's,shoes,decathlon.com,170,USD,,https://cdn.shopify.com/s/files/1/1330/6287/files/8961354-001.jpg?v=1774560693,decathlon.com,https://decathlon.com/products/kiprun-kipstorm-tempo-mens-running-shoes-362245
52,Kiprun Kipsummit,shoes,decathlon.com,150,USD,,https://cdn.shopify.com/s/files/1/1330/6287/files/8970304-001.jpg?v=1774548700,decathlon.com,https://decathlon.com/products/kiprun-kipsummit-max-mens-trail-running-shoes-362206
53,Kiprun Kipsummit,shoes,decathlon.com,150,USD,,https://cdn.shopify.com/s/files/1/1330/6287/files/8970313-001.jpg?v=1774548261,decathlon.com,https://decathlon.com/products/kiprun-kipsummit-max-womens-trail-running-shoes-362234
54,Kiprun Kipride Max Men's Running Shoes,shoes,decathlon.com,160,USD,,https://cdn.shopify.com/s/files/1/1330/6287/files/8960548-KIPRUNKIPRIDEMAXHNOIRPE6PE26-8960548-001---Expireson28-10-2035.jpg?v=1774547980,decathlon.com,https://decathlon.com/products/kiprun-kipride-max-mens-running-shoes-362185
55,Kiprun Kipstorm Tempo Women's,shoes,decathlon.com,170,USD,,https://cdn.shopify.com/s/files/1/1330/6287/files/8967608-001.jpg?v=1774446543,decathlon.com,https://decathlon.com/products/kiprun-kipstorm-tempo-womens-running-shoes-362176
56,Kiprun Kipsummit Men's Trail,shoes,decathlon.com,130,USD,,https://cdn.shopify.com/s/files/1/1330/6287/files/8970094-001.jpg?v=1774446129,decathlon.com,https://decathlon.com/products/kiprun-kipsummit-mens-trail-running-shoes-361994
57,Kiprun Kipsummit Women's Trail,shoes,decathlon.com,130,USD,,https://cdn.shopify.com/s/files/1/1330/6287/files/8970301-001.jpg?v=1774445415,decathlon.com,https://decathlon.com/products/kiprun-kipsummit-womens-trail-running-shoes-361996
58,Kiprun Kipstorm Elite Women's Carbon Plate Running,shoes,decathlon.com,250,USD,,https://cdn.shopify.com/s/files/1/1330/6287/files/8961381_001.jpg?v=1774900832,decathlon.com,https://decathlon.com/products/kiprun-kipstorm-elite-womens-carbon-plate-running-shoes-362244
59,Kiprun Kipstorm Elite Men's Carbon Plate Running,shoes,decathlon.com,250,USD,,https://cdn.shopify.com/s/files/1/1330/6287/files/8961381_001.jpg?v=1774900832,decathlon.com,https://decathlon.com/products/kiprun-kipstorm-elite-mens-carbon-plate-running-shoes-362113
60,Kiprun Kipsummit Race Men's Carbon Plate Trail,shoes,decathlon.com,250,USD,,https://cdn.shopify.com/s/files/1/1330/6287/files/8987902_001.jpg?v=1774900585,decathlon.com,https://decathlon.com/products/kiprun-kipsummit-race-mens-carbon-plate-trail-running-shoes-361989
61,Moose,water bottles,eaglestorm.com,74,USD,,https://cdn.shopify.com/s/files/1/0672/2181/5514/files/IMG_6643.jpg?v=1727962995,eaglestorm.com,https://eaglestorm.com/products/moose-deer-engraved-full-wrap-owala-water-bottle-24-oz
62,Todo Water Bottle Sling,water bottles,cotopaxi.myshopify.com,33.75,USD,,https://cdn.shopify.com/s/files/1/0281/7544/files/1200x1200png-S26UTodoWaterBottleSlingHoneycombandWhiskey_A1.png?v=1769466028,cotopaxi.myshopify.com,https://cotopaxi.myshopify.com/products/todo-water-bottle-sling
63,Fiesta Mini Water Bottle,water bottles,cratejoy.myshopify.com,10,USD,,https://cdn.shopify.com/s/files/1/0680/1463/7353/files/kluTjeGQPixtxlkZYxbx.jpg?v=1723000692,cratejoy.myshopify.com,https://cratejoy.myshopify.com/products/fiesta-mini-water-bottle
64,L'Eau H2O Water Bottle,water bottles,drinkghia.myshopify.com,101,USD,,https://cdn.shopify.com/s/files/1/0338/0785/9852/files/WaterBottle.png?v=1761949804,drinkghia.myshopify.com,https://drinkghia.myshopify.com/products/l-eau-h2o-nalgene-water-bottle
65,Gymshark 1L Water Bottle - Chilled Blue,water bottles,gymshark.myshopify.com,10,USD,,https://cdn.shopify.com/s/files/1/0098/8822/files/images-1LWaterBottleGSChilledBlueI2A6T_UD6Z_0083_V1.jpg?v=1773932106,gymshark.myshopify.com,https://gymshark.myshopify.com/products/gymshark-1l-water-bottle-bottles-blue-ss26
66,Gymshark 1L Water Bottle - Calm Pink,water bottles,gymshark.myshopify.com,10,USD,,https://cdn.shopify.com/s/files/1/0098/8822/files/images-1LWaterBottleGSCalmPinkI2A6T_KCPD_0029_V4.jpg?v=1768320166,gymshark.myshopify.com,https://gymshark.myshopify.com/products/gymshark-1-liter-water-bottle-bottles
67,IS BOTTLE100 LIGHT 750ML BLACK,water bottles,Decathlon,19.9,SGD,,,Decathlon,https://www.decathlon.sg/p/is-bottle100-light-750ml-black-quechua-8994841.html
68,Water Bottle with Screw Cap Bushcraft 1 L Stainless Steel Grey,water bottles,Decathlon,19.9,SGD,4.7,,Decathlon,https://www.decathlon.sg/p/water-bottle-with-screw-cap-bushcraft-1-l-stainless-steel-grey-solognac-8559402.html
69,16oz Narrow Mouth Sustain Water Bottle - Cotton (Monochrome),water bottles,Decathlon,24.9,SGD,,,The Planet Traveller,https://www.decathlon.sg/p/16oz-narrow-mouth-sustain-water-bottle-cotton-monochrome-nalgene-54f3846f-62d7-4e8d-92a8-50c887ee9949.html
70,LARQ PureVis UV-C LED Self-Sanitizing Insulated Bottle 500ml,water bottles,Decathlon,129,SGD,,,Decathlon Marketplace,https://www.decathlon.sg/p/larq-purevis-uv-c-led-self-sanitizing-insulated-bottle-500ml-larq-eff23582-4c84-49b0-93c0-53303d9b07bb.html
71,LARQ Swig Top Bottle 680ml,water bottles,iShopChangi,69,SGD,,,OSTsome,https://www.ishopchangi.com/en/product/larq-swig-top-bottle-680ml-mp00283904
72,B.Box Harry Potter Insulated Flip Top Bottle 1L,water bottles,iShopChangi,59.63,SGD,,,Infantree,https://www.ishopchangi.com/en/product/b-box-harry-potter-insulated-flip-top-bottle-1l-mp00714805
73,HOLOHOLO BagBottle Green 1200ml,water bottles,iShopChangi,38.4,SGD,,,Pds Lifestyle,https://www.ishopchangi.com/en/product/holoholo-bagbottle-green-mp00865676
74,Cycling Water Bottle 22oz,water bottles,intelligentsiacoffee.myshopify.com,10,USD,,https://cdn.shopify.com/s/files/1/0084/8802/6172/files/wb_1.jpg?v=1762439743,intelligentsiacoffee.myshopify.com,https://intelligentsiacoffee.myshopify.com/products/cycling-water-bottle
75,Yoga Water Bottle – JadeYoga,water bottles,jadeyoga.myshopify.com,112,USD,,https://cdn.shopify.com/s/files/1/0763/3069/products/Jade-Yoga-Water-Bottle.jpg?v=1632172005,jadeyoga.myshopify.com,https://jadeyoga.myshopify.com/products/water-bottle
76,Men Solid Casual Multifunction Laptop Flap Men,backpacks,groceryeshop.myshopify.com,38.99,USD,,https://cdn.shopify.com/s/files/1/0303/7433/0413/products/202002201582164826476427812132885778432.jpg?v=1598602624,groceryeshop.myshopify.com,https://groceryeshop.myshopify.com/products/men-solid-casual-multifunction-laptop-flap-men-backpack
77,RPB Safety Z4,backpacks,envirosafetyproducts.myshopify.com,2746.09,USD,,https://cdn.shopify.com/s/files/1/0671/2128/3328/files/RPB15-0035-KT-DS.jpg?v=1756271831,envirosafetyproducts.myshopify.com,https://envirosafetyproducts.myshopify.com/products/rpb-safety-z4-15-0035-respirator-with-px5-papr-1-kit
78,RPB Safety Z4,backpacks,envirosafetyproducts.myshopify.com,2708.39,USD,,https://cdn.shopify.com/s/files/1/0671/2128/3328/files/RPB15-0036-KT-DS_Main_Image.jpg?v=1756271856,envirosafetyproducts.myshopify.com,https://envirosafetyproducts.myshopify.com/products/rpb-safety-z4-15-0036-respirator-with-px5-papr-1-kit
79,Waterproof Backpack 20L - Black,backpacks,Decathlon,44.9,SGD,4.8,,Decathlon,https://www.decathlon.sg/p/waterproof-backpack-20l-black-decathlon-8387664.html
80,Wandrd PRVKE Pocket Backpack,backpacks,3leggedthing.myshopify.com,283.87,USD,,https://cdn.shopify.com/s/files/1/0949/7840/8712/files/PKP21-BK-1_02.png?v=1770125922,3leggedthing.myshopify.com,https://3leggedthing.myshopify.com/products/wandrd-prvke-pocket-backpack
81,Wandrd PRVKE V4 Backpack,backpacks,3leggedthing.myshopify.com,338.46,USD,,https://cdn.shopify.com/s/files/1/0949/7840/8712/files/wandrd-prvke4.jpg?v=1761216951,3leggedthing.myshopify.com,https://3leggedthing.myshopify.com/products/wandrd-prvke-v4-backpack-config
82,Wandrd PRVKE Zip Backpack,backpacks,3leggedthing.myshopify.com,283.87,USD,,https://cdn.shopify.com/s/files/1/0949/7840/8712/files/PKZ21-WG-1_01.png?v=1770127780,3leggedthing.myshopify.com,https://3leggedthing.myshopify.com/products/wandrd-prvke-zip-backpack
83,Wandrd PRVKE EDC Backpacks,backpacks,3leggedthing.myshopify.com,229.28,USD,,https://cdn.shopify.com/s/files/1/0949/7840/8712/files/Untitleddesign-48.png?v=1764942711,3leggedthing.myshopify.com,https://3leggedthing.myshopify.com/products/wandrd-prvke-edc-backpacks
84,Wandrd Fernweh Backpacking Bag,backpacks,3leggedthing.myshopify.com,446.27,USD,,https://cdn.shopify.com/s/files/1/0949/7840/8712/files/fernweh_bag_both.jpg?v=1753284287,3leggedthing.myshopify.com,https://3leggedthing.myshopify.com/products/wandrd-fernweh-backpacking-bag-config
85,Wandrd Nimbus 18L Backpack,backpacks,3leggedthing.myshopify.com,218.36,USD,,https://cdn.shopify.com/s/files/1/0949/7840/8712/files/all_1.jpg?v=1753286847,3leggedthing.myshopify.com,https://3leggedthing.myshopify.com/products/wandrd-nimbus-backpack-config
86,Wandrd Stratus Photo Backpack,backpacks,3leggedthing.myshopify.com,278.41,USD,,https://cdn.shopify.com/s/files/1/0949/7840/8712/files/all.jpg?v=1753286823,3leggedthing.myshopify.com,https://3leggedthing.myshopify.com/products/wandrd-stratus-backpack-config
87,Gomatic Backpack 20L,backpacks,3leggedthing.myshopify.com,354.82,USD,,https://cdn.shopify.com/s/files/1/0949/7840/8712/files/gomatic-backpack-20l-edbk25g-blk02--4.jpg?v=1753288266,3leggedthing.myshopify.com,https://3leggedthing.myshopify.com/products/gomatic-backpack-20-litre-black
88,ACG 'Daymax' Backpack Mineral Slate,backpacks,abovethecloudsstore.myshopify.com,462,USD,,https://cdn.shopify.com/s/files/1/1528/0297/files/SAWA_ECOMM_28-30.4_112_c2d4297d-81e0-4f06-903d-d70b47d834c3.jpg?v=1777606793,abovethecloudsstore.myshopify.com,https://abovethecloudsstore.myshopify.com/products/acg-daymax-backpack-mineral-slate-black-spruce-baltic-blue
89,Pack Backpack,backpacks,charmspring.myshopify.com,2.5,USD,,https://cdn.shopify.com/s/files/1/0668/3262/9925/files/CharmspringPackBackpack.jpg?v=1726824335,charmspring.myshopify.com,https://charmspring.myshopify.com/products/pack-backpack
90,Unpack Backpack,backpacks,charmspring.myshopify.com,2.5,USD,,https://cdn.shopify.com/s/files/1/0668/3262/9925/files/CharmspringUnpackBackpack.jpg?v=1726824645,charmspring.myshopify.com,https://charmspring.myshopify.com/products/unpack-backpack
91,Edifier W800BT,headphones,computerorbit.myshopify.com,32.5,USD,,https://cdn.shopify.com/s/files/1/0562/7713/9620/files/5052fdf4f2a5f757c9ccd7f235d12314.png?v=1724340905,computerorbit.myshopify.com,https://computerorbit.myshopify.com/products/edifier-w800bt-plus-wireless-bluetooth-headphones
92,Edifier WH700NB Pro Noise Cancelling Wireless,headphones,computerorbit.myshopify.com,40.83,USD,,https://cdn.shopify.com/s/files/1/0562/7713/9620/files/6c0f9ba5c457a084f0f16eb11633ec05.png?v=1772041800,computerorbit.myshopify.com,https://computerorbit.myshopify.com/products/edifier-wh700nb-pro-noise-cancelling-wireless-bluetooth-headphones
93,Edifier W820NB Plus Noise Cancelling Wireless,headphones,computerorbit.myshopify.com,49.17,USD,,https://cdn.shopify.com/s/files/1/0562/7713/9620/files/d355c57c4f4a47b7f109c7f6bd50ee20.png?v=1724410836,computerorbit.myshopify.com,https://computerorbit.myshopify.com/products/edifier-w820nb-plus-noise-cancelling-wireless-bluetooth-headphones
94,Samsung Galaxy Tab Active4 Pro SM-T630 T638,headphones,joesge.myshopify.com,39.99,USD,,https://cdn.shopify.com/s/files/1/0690/7201/files/Samsung-Galaxy-Tab-Active4-Pro-SM-T630-SM-T638-Headphone-Jack-Audio-Port-Flex-Cable-OEM.png?v=1778015478,joesge.myshopify.com,https://joesge.myshopify.com/products/samsung-galaxy-tab-active4-pro-sm-t630-t638-headphone-jack-audio-port-flex-oem
95,Bose QuietComfort Ultra QC45 NC700 Headphones,headphones,joesge.myshopify.com,17.99,USD,,https://cdn.shopify.com/s/files/1/0690/7201/files/BoseQuietComfortUltra_NC700_QC45_QCAudioCable2.5mmto3.5mm-826448-1100.png?v=1776364064,joesge.myshopify.com,https://joesge.myshopify.com/products/bose-quietcomfort-ultra-qc45-nc700-headphones-audio-cable-2-5mm-to-3-5mm-black-accessories
96,Sonos Ace Headphones OEM Carry Case White Felt New,headphones,joesge.myshopify.com,54.99,USD,,https://cdn.shopify.com/s/files/1/0690/7201/files/sonos-ace-headphones-carry-case-oem-new-exterior.png?v=1775662119,joesge.myshopify.com,https://joesge.myshopify.com/products/sonos-ace-headphones-oem-carry-case-white-felt-new-replacement
97,Bose QC25 QC35 QC45 QC SE QC Headphones Repair,headphones,joesge.myshopify.com,19.99,USD,,https://cdn.shopify.com/s/files/1/0690/7201/files/BoseQC25_QC35_QC45_QCHeadphonesRepairToolsKit_1.png?v=1773859065,joesge.myshopify.com,https://joesge.myshopify.com/products/bose-qc25-qc35-qc45-qc-se-qc-headphones-repair-tool-kit-complete-set
98,Single-Sided Razor Blades 2 Pack for Headphone and,headphones,joesge.myshopify.com,5.99,USD,,https://cdn.shopify.com/s/files/1/0690/7201/files/RazorBladesForOpeningUpItemsandCuttingThings_1.png?v=1773690187,joesge.myshopify.com,https://joesge.myshopify.com/products/single-sided-razor-blades-2-pack-for-headphone-and-earbud-repair-cutting-tool-made-in-usa
99,Beats Solo 2 3 4 Headphone Repair Kit w/ Tools &,headphones,joesge.myshopify.com,19.99,USD,,https://cdn.shopify.com/s/files/1/0690/7201/files/BeatsSolo2_Solo3_Solo4WirelessWire_SpeakerRepairKitw_Tools.png?v=1773199336,joesge.myshopify.com,https://joesge.myshopify.com/products/beats-solo-2-3-4-headphone-repair-kit-w-tools-3m-ear-pad-adhesive
100,Bose QuietComfort Ultra Over-Ear Noise-Cancelling,headphones,joesge.myshopify.com,389.99,USD,,https://cdn.shopify.com/s/files/1/0690/7201/files/White-Pink-Bose-QC-Ultra.jpg?v=1772740607,joesge.myshopify.com,https://joesge.myshopify.com/products/bose-quietcomfort-ultra-over-ear-noise-cancelling-headphones-custom-colors
101,Genuine Sony Headphones WH-1000XM6 XM6 Headband,headphones,joesge.myshopify.com,180,USD,,https://cdn.shopify.com/s/files/1/0690/7201/files/Sony_WH-1000XM6_Headband_Assembly_Repair_Part_Black_1.png?v=1767910809,joesge.myshopify.com,https://joesge.myshopify.com/products/genuine-sony-headphones-wh-1000xm6-xm6-headband-swivel-assembly-replacements-parts
102,OEM Bose QuietComfort Headphones Replacement,headphones,joesge.myshopify.com,80,USD,,https://cdn.shopify.com/s/files/1/0690/7201/files/Bose_QuietComfort_Full_Headband_Assembly_Repair_Parts_Moonstone_Blue.png?v=1765829901,joesge.myshopify.com,https://joesge.myshopify.com/products/oem-bose-quietcomfort-headphones-replacement-repair-parts
103,Custom Apple AirPods Max Headphones – 1st & 2nd,headphones,joesge.myshopify.com,449.99,USD,,https://cdn.shopify.com/s/files/1/0690/7201/files/CustomAppleAirPodsMaxHeadphones2020EditionLighting_Silver_OrangeHeadband_OrangeEarPads_OrangeCase_2ndGenColors_1.png?v=1766530444,joesge.myshopify.com,https://joesge.myshopify.com/products/custom-apple-airpods-max-headphones-1st-2nd-gen-color-combinations
104,OEM Sony WH-1000XM6 Carry Original Replacement,headphones,joesge.myshopify.com,49.99,USD,,https://cdn.shopify.com/s/files/1/0690/7201/files/Sony-OEMCarryingCaseforWH-1000XM6NoiseCancelingHeadphones_Black_SONXM6CSE-BLK_1.png?v=1764355234,joesge.myshopify.com,https://joesge.myshopify.com/products/oem-sony-wh-1000xm6-carry-original-replacement-headphone-case
105,Genuine Apple AirPods Max Smart Case For 1st & 2nd,headphones,joesge.myshopify.com,64.99,USD,,https://cdn.shopify.com/s/files/1/0690/7201/files/Apple_AirPods_Max_Smart_Case_Midnight_Replacement_Original_OEM_-_Accessory.png?v=1762711214,joesge.myshopify.com,https://joesge.myshopify.com/products/genuine-apple-airpods-max-smart-case-for-1st-2nd-gen-headphones-accessories
106,WestPoint Deluxe Air Fryer With Rotisserie Oven,small appliances,shopperspk.com,455,PKR,,https://www.shopperspk.com/wp-content/uploads/2026/04/westpoint-deluxe-air-fryer-with-rotisserie-oven-wf-5259-in-Pakistan.jpg,shopperspk.com,https://www.shopperspk.com/product/westpoint-deluxe-air-fryer-with-rotisserie-oven-wf-5259/
107,Cooking Oil Dispenser,small appliances,shopperspk.com,7,PKR,,https://www.shopperspk.com/wp-content/uploads/2026/04/cooking-oil-dispenser-for-air-fryer-bbq-salad-grilling-180ml-in-Pakistan.jpg,shopperspk.com,https://www.shopperspk.com/product/cooking-oil-dispenser-for-air-fryer-bbq-salad-grilling-180ml/
108,Air Fryer Spray Oil,small appliances,primalkitchen.myshopify.com,9.99,USD,,https://cdn.shopify.com/s/files/1/2364/6329/files/Oil-Spray-Seasoned-4.7oz-DS-StraightCan-V1.0A-840224600774-Front-2048x2048-ae00118.png?v=1729737691,primalkitchen.myshopify.com,https://primalkitchen.myshopify.com/products/seasoned-air-fryer-spray-oil
109,Mccain Air Fryer French Fries 420 g,small appliances,starquik.myshopify.com,136,USD,,https://cdn.shopify.com/s/files/1/0734/0566/1405/files/SQ282422_1.jpg?v=1770272963,starquik.myshopify.com,https://starquik.myshopify.com/products/mccain-air-fryer-french-fries-420-gm-sc-sm54
110,Global Air Fryer Market 2025 – 2034,small appliances,custommarketinsights.com,3200,USD,,https://www.custommarketinsights.com/wp-content/uploads/2024/11/Semi-Electronics.png,custommarketinsights.com,https://www.custommarketinsights.com/report/air-fryer-market/
111,Mccain Air Fryer French Fries 420 g,small appliances,starquik.myshopify.com,136,USD,,https://cdn.shopify.com/s/files/1/0734/0566/1405/files/SQ282422_1_8dad515d-171b-41fa-a868-78c78ae718e6.jpg?v=1777091164,starquik.myshopify.com,https://starquik.myshopify.com/products/mccain-air-fryer-french-fries-420-g-sc-sm55
112,Outdoor Air Fryer Starter Bundle,small appliances,charbroil.com,159.48,USD,,https://cdn.shopify.com/s/files/1/0618/9596/6795/files/Outdoor-Air-Fryer-Starter-Bundle.jpg?v=1777472120,charbroil.com,https://charbroil.com/products/outdoor-air-fryer-starter-bundle
113,"Love My Air Fryer"" Gluten-Free Recipe Book: From Lemon",small appliances,bookxcess.myshopify.com,17.9,USD,,https://cdn.shopify.com/s/files/1/0443/8471/4918/products/9781507210413.jpg?v=1656110388,bookxcess.myshopify.com,https://bookxcess.myshopify.com/products/the-i-love-my-air-fryer-gluten-free-recipe-book-from-lemon-blueberry-muffins-to-mediterranean-short-ribs-175-easy-and-delicious-gluten-free-recipes-9781507210413
114,Dominique Eloise Alexander: Ultimate Air Fryer,small appliances,chaptersbookstore.com,28.6,USD,,https://cdn.shopify.com/s/files/1/0616/4001/6057/files/alexander-dominique-eloise-hossack-izy-dominique-eloise-alexander-ultimate-air-fryer-baking-2025-hardback-9780600639022-1239291930.jpg?v=1779219132,chaptersbookstore.com,https://chaptersbookstore.com/products/dominique-eloise-alexander-ultimate-air-fryer-baking-2025-hardback
115,Mccain Air Fryer French Fries 420 g,small appliances,starquik.myshopify.com,136,USD,,https://cdn.shopify.com/s/files/1/0734/0566/1405/files/SQ282422_1_8e0d4faf-69bb-4064-ab8f-191f1fb379fb.jpg?v=1777091166,starquik.myshopify.com,https://starquik.myshopify.com/products/mccain-air-fryer-french-fries-420-g-sc-sm72
116,Olsenmark Air Fryer 6L - OMAF2254J,small appliances,ansargallery.com,179.75,USD,,https://ansargallery.com/pub/media/catalog/product/6/2/6294010817169_1.jpg,ansargallery.com,https://ansargallery.com/olsenmark-air-fryer-6l-omaf2254j-qatar-6294010817169.html
117,Geepas Digital Air Fryer 3.2Ltr - GAF37501,small appliances,ansargallery.com,156.75,USD,,https://ansargallery.com/pub/media/catalog/product/6/2/6294015507232_11.jpg,ansargallery.com,https://ansargallery.com/geepas-digital-air-fryer-3-2ltr-gaf37501-qatar-6294015507232.html
118,India Air Fryer Market 2026 – 2035,small appliances,custommarketinsights.com,3200,USD,,https://www.custommarketinsights.com/wp-content/uploads/2026/01/Consumer-Goods-Market-Research.png,custommarketinsights.com,https://www.custommarketinsights.com/report/india-air-fryer-market/
119,Tecno TAF2600 (26L) Air Fryer Oven,small appliances,harvey_norman_sg,238,SGD,,"https://hnsgsfp.imgix.net/4/images/detailed/63/Tecno_Air_Fryer_Oven.png.jpg?fit=fill&bg=0FFF&w=785&h=459&auto=format,compress",harvey_norman_sg,https://www.harveynorman.com.sg/home-appliances/small-kitchen-appliances-en/fryers/tecno-air-fryer-taf-2600.html
120,Philips Air Fryer - NA221/09,small appliances,harvey_norman_sg,156,SGD,,"https://hnsgsfp.imgix.net/4/images/detailed/136/Slide1_xdbw-fj.JPG?fit=fill&bg=0FFF&w=785&h=459&auto=format,compress",harvey_norman_sg,https://www.harveynorman.com.sg/home-appliances/small-kitchen-appliances-en/fryers/philips-air-fryer-na221-09.html
121,Multi-Purpose Plastic Storage Basket Home,home,shopperspk.com,5,PKR,,https://www.shopperspk.com/wp-content/uploads/2026/05/multi-purpose-plastic-storage-basket-home-organizer-in-Pakistan-4.jpg,shopperspk.com,https://www.shopperspk.com/product/multi-purpose-plastic-storage-basket-home-organizer/
122,Danny Home 2-Tier Storage Rack Oval,home,shopperspk.com,28,PKR,,https://www.shopperspk.com/wp-content/uploads/2026/04/danny-home-2-tier-storage-rack-oval-in-Pakistan.jpg,shopperspk.com,https://www.shopperspk.com/product/danny-home-2-tier-storage-rack-oval/
123,Danny Home 2-Tier Storage Rack Rectangle,home,shopperspk.com,29.4,PKR,,https://www.shopperspk.com/wp-content/uploads/2026/04/rn-image_picker_lib_temp_d136689f-b6cd-4772-a5c3-019c3138828e.png,shopperspk.com,https://www.shopperspk.com/product/danny-home-2-tier-storage-rack-rectangle/
124,Twira Yoga Mat Storage Racks,home,amazon.sg,55.92,SGD,,https://m.media-amazon.com/images/I/71KruOz6CyL._AC_UL320_.jpg,amazon.sg,https://www.amazon.sg/dp/B09ZY9WDLD?tag=buywhere-22&linkCode=ll
125,Twira Yoga Mat Storage Racks,home,amazon_sg,49.37,SGD,,https://m.media-amazon.com/images/I/71mwcqRgltL._AC_UL320_.jpg,amazon_sg,https://www.amazon.sg/dp/B0BBZSCDR1?tag=buywhere-22&linkCode=ll
126,Pitan Magsafe Card,home,amazon.sg,25.45,SGD,,https://m.media-amazon.com/images/I/71zwQcQ5-yL._AC_UL320_.jpg,amazon.sg,https://www.amazon.sg/dp/B0F1M6W7HN?tag=buywhere-22&linkCode=ll
127,"MARTY 22""x15.75"" Large Under Desk Printer Stand",home,amazon.sg,87.5,SGD,,https://m.media-amazon.com/images/I/61P3n1DJwoL._AC_UL320_.jpg,amazon.sg,https://www.amazon.sg/dp/B0DNDPPMNK?tag=buywhere-22&linkCode=ll
128,Snap Handle Storage Tote,home,constructiveplaythings.myshopify.com,15.99,USD,,https://cdn.shopify.com/s/files/1/0709/2145/3853/files/snap_handle_clear_tote_bin_ROF-510.jpg?v=1755617123,constructiveplaythings.myshopify.com,https://constructiveplaythings.myshopify.com/products/snap-handle-storage-tote-with-latching-lid-stackable-plastic-organizer-bin-for-home-classroom-office-toys-crafts-14-25-x-11-5-x-5-75
129,Honey dispenser no drip glass,home,amazon.sg,14.99,SGD,,https://m.media-amazon.com/images/I/71QDvJMvj0L._AC_UL320_.jpg,amazon.sg,https://www.amazon.sg/dp/B0D35YQLBT?tag=buywhere-22&linkCode=ll
130,Extra Large Mesh Laundry Bags,home,amazon.sg,28.88,SGD,,https://m.media-amazon.com/images/I/71Kb0-9vpLS._AC_UL320_.jpg,amazon.sg,https://www.amazon.sg/dp/B095Y3V3CK?tag=buywhere-22&linkCode=ll
131,KETER Detroit XL Utility Storage Cabinet,home,fortytwo_sg,399,SGD,,https://static1.fortytwo.sg/media/resize/catalog/product/bWVkaWEvY2F0YWxvZy9wcm9kdWN0LzEvMi8xMjQuanBlZw==/?s=image,fortytwo_sg,https://www.fortytwo.sg/keter-detroit-xl-utility-storage-cabinet.html
132,KETER Detroit XL Multispace Storage Cabinet,home,fortytwo_sg,419,SGD,,https://static1.fortytwo.sg/media/resize/catalog/product/bWVkaWEvY2F0YWxvZy9wcm9kdWN0LzEvMi8xMjEuanBlZw==/?s=image,fortytwo_sg,https://www.fortytwo.sg/keter-detroit-xl-multispace-storage-cabinet.html
133,Greesum 5x3FT Outdoor Storage Shed,home,amazon_sg,754.61,SGD,,https://m.media-amazon.com/images/I/81z5x5gl86L._AC_UL320_.jpg,amazon_sg,https://www.amazon.sg/dp/B0FRYSYRWQ?tag=buywhere-22&linkCode=ll
134,Storage Bag for DJI Neo 2,home,amazon.sg,36.28,SGD,,https://m.media-amazon.com/images/I/71TB0ehfExL._AC_UL320_.jpg,amazon.sg,https://www.amazon.sg/dp/B0G1CPV58B?tag=buywhere-22&linkCode=ll
135,Jute Fabric Shopping Bag,home,shopperspk.com,25,PKR,,https://www.shopperspk.com/wp-content/uploads/2026/04/jute-fabric-shopping-bag-moisture-proof-eva-white-edge-large-jute-storage-bag-for-home-in-Pakistan-4.jpg,shopperspk.com,https://www.shopperspk.com/product/jute-fabric-shopping-bag-moisture-proof-eva-white-edge-large-jute-storage-bag-for-home/
136,Skincare Obsession Skincare,beauty,cratejoy.com,14.99,USD,,https://cdn.shopify.com/s/files/1/0680/1463/7353/files/OeqmOenESUydxthkfZPz.jpg?v=1723597263,cratejoy.com,https://cratejoy.com/products/skincare-obsession-skincare-retail-value-31
137,Skincare Subscription Box,beauty,cratejoy.myshopify.com,15,USD,,https://cdn.shopify.com/s/files/1/0680/1463/7353/products/yu7drOxjTau03YIcA3wi.jpg?v=1698436049,cratejoy.myshopify.com,https://cratejoy.myshopify.com/products/sonage-skincare
138,SKINCARE LOVERS SHEET MASK GIFT SET (Set of 5 Face,beauty,cratejoy.myshopify.com,7,USD,,https://cdn.shopify.com/s/files/1/0680/1463/7353/files/fd1xvBNcQMO7GcouSXFE.jpg?v=1723597049,cratejoy.myshopify.com,https://cratejoy.myshopify.com/products/skincare-lovers-sheet-mask-gift-set-set-of-5-face-masks-retail-value-20
139,The Ultimate 24k Gold Skincare Combo,beauty,discoverpilgrim.myshopify.com,1490,USD,,https://cdn.shopify.com/s/files/1/0620/1629/1045/files/1.wb_f9cbf5e2-eb8f-441e-8ddd-da323de6be71.jpg?v=1773124754,discoverpilgrim.myshopify.com,https://discoverpilgrim.myshopify.com/products/the-ultimate-24k-gold-skincare-combo
140,Detan & Glow Men Skincare Kit,beauty,discoverpilgrim.myshopify.com,1500,USD,,https://cdn.shopify.com/s/files/1/0620/1629/1045/files/1._wb_b3c82ee0-d524-441e-946f-db697d7c6c7a.jpg?v=1776242067,discoverpilgrim.myshopify.com,https://discoverpilgrim.myshopify.com/products/detan-glow-men-skincare-kit
141,Retinol Night Skincare Combo,beauty,discoverpilgrim.myshopify.com,1100,USD,,https://cdn.shopify.com/s/files/1/0620/1629/1045/files/1.wb_f80c7714-94a4-4e1c-80c8-a47dae918183.jpg?v=1772714200,discoverpilgrim.myshopify.com,https://discoverpilgrim.myshopify.com/products/jeju-night-renew-face-ritual
142,24K Gold Skincare Kit,beauty,discoverpilgrim.myshopify.com,1290,USD,,https://cdn.shopify.com/s/files/1/0620/1629/1045/files/1.WB_7dd9f8a2-b862-4d84-b5a2-37e386c75115.jpg?v=1777026868,discoverpilgrim.myshopify.com,https://discoverpilgrim.myshopify.com/products/24k-gold-skincare-kit
143,Gardener's Skincare,beauty,eastfork.myshopify.com,16,USD,,https://cdn.shopify.com/s/files/1/2281/6071/files/26_SS_Q1_Resale_WEB-05-67.jpg?v=1775488735,eastfork.myshopify.com,https://eastfork.myshopify.com/products/gardeners-skincare
144,Geologie Skincare Gift Set,beauty,geologie.myshopify.com,79.2,USD,,https://cdn.shopify.com/s/files/1/0027/3527/6076/files/GiftSet-Full_v1_PNG_1.png?v=1730217188,geologie.myshopify.com,https://geologie.myshopify.com/products/hero-skincare-gift-set
145,Hero Skincare Set,beauty,geologie.myshopify.com,99,USD,,https://cdn.shopify.com/s/files/1/0027/3527/6076/files/Regimen_01_classic_12f8cb9b-7ac8-4bba-a12f-8bde2874f86a.png?v=1727734394,geologie.myshopify.com,https://geologie.myshopify.com/products/90-day-classic-set
146,Essential Skincare Set,beauty,geologie.myshopify.com,67,USD,,https://cdn.shopify.com/s/files/1/0027/3527/6076/files/EssentialSkincareSet_CompleteSkincareSet.png?v=1715270698,geologie.myshopify.com,https://geologie.myshopify.com/products/essential-skincare-set
147,Men's Skincare Gift Set,beauty,geologie.myshopify.com,49,USD,,https://cdn.shopify.com/s/files/1/0027/3527/6076/files/SkincareGiftSet-PDPAssets-Premium_1_0f0fca9f-b911-4285-9f75-ce158db686b8.png?v=1699701139,geologie.myshopify.com,https://geologie.myshopify.com/products/skincare-gift-set-for-him
148,Luxury Skincare Set,beauty,geologie.myshopify.com,152,USD,,https://cdn.shopify.com/s/files/1/0027/3527/6076/files/Luxury_Skincare_Set.png?v=1715274990,geologie.myshopify.com,https://geologie.myshopify.com/products/luxury-skincare-set
149,Deluxe Skincare Regimens,beauty,geologie.myshopify.com,139,USD,,https://cdn.shopify.com/s/files/1/0027/3527/6076/files/DeluxeSkincareSet_90D_-6pieceset_ab1f996e-432e-4d8b-ace0-4622d57dc932.png?v=1698953995,geologie.myshopify.com,https://geologie.myshopify.com/products/deluxe-skincare-set-1
150,Anti Aging Skincare Routine,beauty,geologie.myshopify.com,128,USD,,https://cdn.shopify.com/s/files/1/0027/3527/6076/files/AntiAgingSkincareRoutine-Ultimate_a7b60fc0-7c40-4242-9230-e9bed040e464.png?v=1711141409,geologie.myshopify.com,https://geologie.myshopify.com/products/anti-aging-routine
151,Carpenter Fold Shirt,fashion,m_1605375033,95,SGD,,,m_1605375033,https://ourbarehands.com/products/carpenter-fold-shirt
152,Womens Allover Flamingo Print Shirt,fashion,callawayapparel.myshopify.com,143,USD,,https://cdn.shopify.com/s/files/1/0090/9780/5929/products/Womens-Allover-Flamingo-Print-Shirt-Navy-Callaway.jpg?v=1765490040,callawayapparel.myshopify.com,https://callawayapparel.myshopify.com/products/allover-flamingo-print-shirt-blue-cgksa002gg-410
153,Victory T-Shirt,fashion,biketart.com,19.95,USD,,https://cdn.shopify.com/s/files/1/0568/3065/6691/files/fox-victory-t-shirt-1200566212.jpg?v=1761843075,biketart.com,https://biketart.com/products/fox-victory-t-shirt
154,Big & Tall Chest Block Quarter Zip Shirt,fashion,callawayapparel.myshopify.com,196,USD,,https://cdn.shopify.com/s/files/1/0090/9780/5929/files/Big-Tall-Chest-Block-Quarter-Zip-Shirt-Black-Callaway.jpg?v=1765491140,callawayapparel.myshopify.com,https://callawayapparel.myshopify.com/products/big-tall-chest-block-14-zip-shirt-black-cgksa43xds-002
155,Big & Tall Chest Block Quarter Zip Shirt,fashion,callawayapparel.myshopify.com,143,USD,,https://cdn.shopify.com/s/files/1/0090/9780/5929/files/Big-Tall-Chest-Block-Quarter-Zip-Shirt-CaviarSurf-The-Web-Callaway.jpg?v=1765491142,callawayapparel.myshopify.com,https://callawayapparel.myshopify.com/products/big-tall-chest-block-14-zip-shirt-black-cgksa43xds-013
156,Boxy embroidered shirt,fashion,driesvannoten.myshopify.com,1495,USD,,https://cdn.shopify.com/s/files/1/0589/7473/2484/files/261-020744-3352-608_0.jpg?v=1765548570,driesvannoten.myshopify.com,https://driesvannoten.myshopify.com/products/261-020744-3352
157,Mandarin Shirt - Mini Batik,fashion,m_1605375033,58,SGD,,,m_1605375033,https://ourbarehands.com/products/mandarin-shirt-mini-batik
158,Cuban Collar Shirt - Batik,fashion,m_1605375033,118,SGD,,,m_1605375033,https://ourbarehands.com/products/cuban-collar-shirt-batik
159,Campers Reversible Shirt,fashion,m_1605375033,106,SGD,,,m_1605375033,https://ourbarehands.com/products/campers-reversible-shirt
160,Marquee Frill Shirt,fashion,m_1605375033,148,SGD,,,m_1605375033,https://ourbarehands.com/products/marquee-frill-shirt
161,Mandarin Shirt - Mini,fashion,m_1605375033,58,SGD,,,m_1605375033,https://ourbarehands.com/products/mandarin-shirt-mini
162,Nora Button Shirt - Batik,fashion,m_1605375033,82,SGD,,,m_1605375033,https://ourbarehands.com/products/nora-button-shirt-batik-1
163,Mandarin Shirt - Batik,fashion,m_1605375033,96,SGD,,,m_1605375033,https://ourbarehands.com/products/mandarin-shirt-batik
164,Drift Shirt,fashion,m_1605375033,145,SGD,,,m_1605375033,https://ourbarehands.com/products/drift-shirt
165,Drift Shirt,fashion,m_1605375033,145,SGD,,,m_1605375033,https://ourbarehands.com/products/drift-shirt-1
166,CAROTE 44pcs Nonstick Kitchen Titanium Cookware Sets,kitchen,amazon_us,293.5,USD,,https://m.media-amazon.com/images/I/81qUcRQr--L._AC_UL320_.jpg,amazon_us,https://www.amazon.com/dp/B0FTRQD63S?tag=buywhere-20
167,Kitchen Utensils Set-12 Pieces Silicone Cooking,kitchen,amazon.sg,46.85,SGD,,https://m.media-amazon.com/images/I/71Q58CuH9xL._AC_UL320_.jpg,amazon.sg,https://www.amazon.sg/dp/B08XXQBTJK?tag=buywhere-22&linkCode=ll
168,Bazova 19 Pcs Pots and Pans Set Non Stick Ceramic,kitchen,amazon.sg,161.52,SGD,,https://m.media-amazon.com/images/I/71PcakpNaDL._AC_UL320_.jpg,amazon.sg,https://www.amazon.sg/dp/B0DP3X3CY9?tag=buywhere-22&linkCode=ll
169,Silicone Cooking Utensil Set,kitchen,amazon_us,28.06,USD,,https://m.media-amazon.com/images/I/61LmdFfQqjL._AC_UL320_.jpg,amazon_us,https://www.amazon.com/dp/B082B9SSM5?tag=buywhere-20
170,Silicone Cooking Utensil Set,kitchen,amazon_us,20.41,USD,,https://m.media-amazon.com/images/I/71LbvGH06FL._AC_UL320_.jpg,amazon_us,https://www.amazon.com/dp/B0FQMLHKWC?tag=buywhere-20
171,CAROTE 19pcs Pots,kitchen,amazon.sg,130.51,SGD,,https://m.media-amazon.com/images/I/71U5ednhcgL._AC_UL320_.jpg,amazon.sg,https://www.amazon.sg/dp/B0FJM534MR?tag=buywhere-22&linkCode=ll
172,CAROTE 19pcs Pots,kitchen,amazon_us,63.77,USD,,https://m.media-amazon.com/images/I/81E7wkZBUoL._AC_UL320_.jpg,amazon_us,https://www.amazon.com/dp/B0B2K47S1T?tag=buywhere-20
173,CAROTE Pots and Pans Set,kitchen,amazon_us,76.56,USD,,https://m.media-amazon.com/images/I/71XuEmAn5aL._AC_UL320_.jpg,amazon_us,https://www.amazon.com/dp/B0CNKJ1ZG1?tag=buywhere-20
174,T-fal Refresh Ceramic,kitchen,amazon.sg,198.32,SGD,,https://m.media-amazon.com/images/I/71h7VcKUUdL._AC_UL320_.jpg,amazon.sg,https://www.amazon.sg/dp/B0D1GXG3D2?tag=buywhere-22&linkCode=ll
175,Berglander Kitchen Utensils Set,kitchen,amazon_us,29.26,USD,,https://m.media-amazon.com/images/I/71EzAtTudeL._AC_UL320_.jpg,amazon_us,https://www.amazon.com/dp/B0979JN68F?tag=buywhere-20
176,Berglander Kitchen Utensils Set,kitchen,amazon.sg,48.29,SGD,,https://m.media-amazon.com/images/I/71EzAtTudeL._AC_UL320_.jpg,amazon.sg,https://www.amazon.sg/dp/B0979JN68F?tag=buywhere-22&linkCode=ll
177,BECIGAR 8pcs Ceramic Pots,kitchen,amazon_us,40.81,USD,,https://m.media-amazon.com/images/I/61HBZofdeiL._AC_UL320_.jpg,amazon_us,https://www.amazon.com/dp/B0DNPSXR1W?tag=buywhere-20
178,CAROTE 25PCS Ceramic Cookware Set,kitchen,amazon_us,153.13,USD,,https://m.media-amazon.com/images/I/814SUO0UTpL._AC_UL320_.jpg,amazon_us,https://www.amazon.com/dp/B0FC6YYG6F?tag=buywhere-20
179,CAROTE 21Pcs Ceramic Cookware Set,kitchen,amazon.sg,196.75,SGD,,https://m.media-amazon.com/images/I/71L3L-sw-qL._AC_UL320_.jpg,amazon.sg,https://www.amazon.sg/dp/B0FKT8WQL1?tag=buywhere-22&linkCode=ll
180,CAROTE 21Pcs Ceramic Cookware Set,kitchen,amazon_sg,176.67,SGD,,https://m.media-amazon.com/images/I/71L3L-sw-qL._AC_UL320_.jpg,amazon_sg,https://www.amazon.sg/dp/B0FKT8WQL1
181,Sensory Explorer Wooden Blocks Set,toys,constructiveplaythings.myshopify.com,49.99,USD,,https://cdn.shopify.com/s/files/1/0709/2145/3853/files/bj-54_001.jpg?v=1776267779,constructiveplaythings.myshopify.com,https://constructiveplaythings.myshopify.com/products/sensory-explorer-blocks
182,Wooden Tree Blocks,toys,constructiveplaythings.myshopify.com,59.99,USD,,https://cdn.shopify.com/s/files/1/0709/2145/3853/files/natural_toys_baby_blocks_TEB-35.jpg?v=1768691152,constructiveplaythings.myshopify.com,https://constructiveplaythings.myshopify.com/products/tree-blocks
183,Super Soft 1st Building Blocks Activity Station,toys,infantino.com,49.99,USD,,https://cdn.shopify.com/s/files/1/0617/9701/products/203125-00_P1-updated.jpg?v=1675986707,infantino.com,https://infantino.com/products/super-soft-1st-building-blocks-activity-station
184,3D Gummi Building Blocks - Bulk,toys,candyfavorites.myshopify.com,17.29,USD,,https://cdn.shopify.com/s/files/1/0699/4729/3945/files/3dgummyblocksbulkuse.jpg?v=1776111755,candyfavorites.myshopify.com,https://candyfavorites.myshopify.com/products/3d-gummy-building-blocks-bulk
185,STEM Color Mixing Building Blocks,toys,constructiveplaythings.myshopify.com,59.99,USD,,https://cdn.shopify.com/s/files/1/0709/2145/3853/products/chg-32_103.jpg?v=1754421662,constructiveplaythings.myshopify.com,https://constructiveplaythings.myshopify.com/products/color-mixing-blocks
186,Building Blocks Learning Library Mighty Movers,toys,bookxcess.myshopify.com,24.9,USD,,https://cdn.shopify.com/s/files/1/0443/8471/4918/products/9781743678121.jpg?v=1656110403,bookxcess.myshopify.com,https://bookxcess.myshopify.com/products/building-blocks-learning-library-mighty-movers-uk-9781743678121
187,Crystal Village Translucent Building Blocks,toys,constructiveplaythings.myshopify.com,82.99,USD,,https://cdn.shopify.com/s/files/1/0709/2145/3853/files/KPI-16_shadow.jpg?v=1754498226,constructiveplaythings.myshopify.com,https://constructiveplaythings.myshopify.com/products/crystal-village
188,Geo Block Build,toys,constructiveplaythings.myshopify.com,29.99,USD,,https://cdn.shopify.com/s/files/1/0709/2145/3853/products/mtc-485_001.jpg?v=1686125150,constructiveplaythings.myshopify.com,https://constructiveplaythings.myshopify.com/products/geo-block-build
189,Bristle Building Blocks,toys,constructiveplaythings.myshopify.com,59.99,USD,,https://cdn.shopify.com/s/files/1/0709/2145/3853/files/cpx-807_gpt_001.png?v=1754925518,constructiveplaythings.myshopify.com,https://constructiveplaythings.myshopify.com/products/bristle-blocks
190,Blockaroo Magnetic STEM Building Blocks,toys,constructiveplaythings.myshopify.com,89.99,USD,,https://cdn.shopify.com/s/files/1/0709/2145/3853/files/ddc-01_001.jpg?v=1736358889,constructiveplaythings.myshopify.com,https://constructiveplaythings.myshopify.com/products/blockaroo-blocks
191,Grasp Practice Building Blocks,toys,groceryeshop.myshopify.com,29.99,USD,,https://cdn.shopify.com/s/files/1/0303/7433/0413/products/product-image-1328943416.jpg?v=1597026543,groceryeshop.myshopify.com,https://groceryeshop.myshopify.com/products/grasp-practice-building-blocks
192,Expression Building Blocks Puzzle,toys,groceryeshop.myshopify.com,39.99,USD,,https://cdn.shopify.com/s/files/1/0303/7433/0413/products/product-image-1458054063.jpg?v=1597026524,groceryeshop.myshopify.com,https://groceryeshop.myshopify.com/products/expression-building-blocks-puzzle
193,Jackie- Building Block Table,toys,easytot.com,275,USD,,https://cdn.shopify.com/s/files/1/0556/0519/8922/files/il_1140xN.7317791062_dxf9.webp?v=1778897430,easytot.com,https://easytot.com/products/jackie-building-block-table
194,Super soft 1st building blocks™,toys,infantino.com,54.99,USD,,https://cdn.shopify.com/s/files/1/0617/9701/products/215104-00_P1_10x10_1.jpg?v=1601411460,infantino.com,https://infantino.com/products/super-soft-1st-building-blocks
195,Wooden Unit Blocks: Big Building Board,toys,constructiveplaythings.myshopify.com,8.99,USD,,https://cdn.shopify.com/s/files/1/0709/2145/3853/products/cp-u32_mtc-570_001.jpg?v=1687979828,constructiveplaythings.myshopify.com,https://constructiveplaythings.myshopify.com/products/individual-unit-blocks-big-building-board
196,WP Pettydog Chicken Strip Dog Treat 200g,pet supplies,kohepets,15,SGD,,https://cdn.shopify.com/s/files/1/2977/2416/products/image-K12JNG8NLY6L71R.jpg?v=1599206562,kohepets,https://kohepets.com.sg/products/wp-pettydog-chicken-strip-dog-treat-200g
197,Food For The Good Himalayan Yak Chew Dog Treats,pet supplies,Kohepets,14.3,SGD,,,Kohepets,https://www.kohepets.com.sg/products/food-for-the-good-himalayan-yak-chew-dog-treats
198,Coolaroo Elevated Pet Bed Replacement Cover Large,pet supplies,amazon_sg,29.41,SGD,,https://m.media-amazon.com/images/I/71RzvkIiKBL._AC_UL320_.jpg,amazon_sg,https://www.amazon.sg/dp/B0018C97FS?tag=buywhere-22&linkCode=ll
199,Prevue Pet Products Wrought Iron Flight Cage,pet supplies,amazon_sg,266.34,SGD,,https://m.media-amazon.com/images/I/81AJPTlb3NL._AC_UL320_.jpg,amazon_sg,https://www.amazon.sg/dp/B00176F5L0?tag=buywhere-22&linkCode=ll
200,Dog Water Bowl Dispenser Stand - Adjustable Width,pet supplies,amazon_sg,48.41,SGD,,https://m.media-amazon.com/images/I/71cM-97WiBL._AC_UL320_.jpg,amazon_sg,https://www.amazon.sg/dp/B0B99C6569?tag=buywhere-22&linkCode=ll
